n_threads,tempo
1,101.003957
2,52.620582
4,32.274062
8,26.151594
16,24.178068
24,23.830605
32,23.885140
36,26.679517
40,27.401371
