n_threads,tempo
1,85.77359
2,42.648678
4,21.036237
8,11.731745
16,10.155965
24,6.918987
32,6.675573
36,5.191443
40,4.275872
