n_threads,tempo
1,0.259589
2,0.271993
4,0.304110
