tamanho,tempo cpu,tempo gpu
128,0.006966,0.00056477
256,0.098065,0.00137421
512,0.495764,0.00265424
1024,6.105657,0.01310717
2048,116.277195,0.08697456
