n_threads,tempo_seq,tempo_openmp
1,390.226868,395.520006
2,390.226868,198.003766
5,390.226868,80.620912
10,390.226868,41.644891
20,390.226868,32.803918
40,390.226868,18.348641
